,k,silhouette,davies_bouldin
fuzzy_k2,2.0,0.19298579591396295,1.9388854415525574
fuzzy_k3,3.0,-0.045359567597761496,1.8795020467449468
fuzzy_k4,4.0,-0.003377986874921153,1.9969395952687727
fuzzy_k5,5.0,-0.027303490727689624,2.0131948343459314
fuzzy_k6,6.0,-0.062459746875212586,2.3775802167637785
fuzzy_k7,7.0,-0.06708511151257865,2.5348980554590934
fuzzy_k8,8.0,-0.0065509912690311966,2.012203685640769
fuzzy_k9,9.0,-0.0498039646258312,2.578129660643886
