,k,silhouette,davies_bouldin
fuzzy_k2,2.0,0.1938569182516965,1.92385936166531
fuzzy_k3,3.0,0.17736659841623006,1.8858015816983593
fuzzy_k4,4.0,-0.07825775697197146,1.9719243142154652
fuzzy_k5,5.0,0.06266012866273428,1.9669579198912857
fuzzy_k6,6.0,-0.07102408254199923,2.1179297126531247
fuzzy_k7,7.0,-0.07740449239415653,3.501120662594461
fuzzy_k8,8.0,0.1380436595314685,2.2505161609660207
fuzzy_k9,9.0,0.018679021643830982,3.0607570451600368
