,k,distance,silhouette,davies_bouldin,adjusted_rand_score,homogeneity_completeness_v_measure,sum_of_squared_error
L1,27,L1,0.21082221912739094,1.4934710603222923,0.006844267922146143,"(np.float64(0.07075064937772536), np.float64(0.024792401454064535), np.float64(0.03671807603457218))",10.107029479995406
L2,20,L2,0.2205306312489098,1.514310837204739,0.008919695616064559,"(np.float64(0.058105502941457936), np.float64(0.021628367500251024), np.float64(0.031523044458841985))",14.372767391694282
cosine,26,cosine,0.2161859671533829,1.4524094498971563,0.008618462334326353,"(np.float64(0.06700132438119226), np.float64(0.02278888461505513), np.float64(0.03401006562848481))",10.340465021055007
