,k,distance,silhouette,davies_bouldin,adjusted_rand_score,homogeneity_completeness_v_measure,sum_of_squared_error
L1,27,L1,0.21082221912739094,1.4934710603222923,0.006844267922146143,"(np.float64(0.07075064937772538), np.float64(0.02479240145406454), np.float64(0.036718076034572195))",10.107029479995406
L2,20,L2,0.2205306312489098,1.514310837204739,0.008919695616064559,"(np.float64(0.05810550294145792), np.float64(0.021628367500251024), np.float64(0.031523044458841985))",14.372767391694278
cosine,26,cosine,0.2161859671533829,1.4524094498971567,0.008618462334326353,"(np.float64(0.06700132438119226), np.float64(0.022788884615055124), np.float64(0.0340100656284848))",10.340465021055005
