,k,silhouette,davies_bouldin,adjusted_rand_score,homogeneity,completeness,v_measure
fuzzy_k2,2.0,0.19441854201858752,1.9185780888225847,0.03386305305440087,0.03308205142941925,0.050986061677833976,0.04012754544538763
fuzzy_k3,3.0,0.14035484422259378,1.7124999060751875,0.02895714582082208,0.03496869400732142,0.04385170540594998,0.038909644697427775
fuzzy_k4,4.0,0.13428073116611258,1.6626515659176846,0.04080909492140369,0.03502955021728418,0.031770647361014995,0.0333206046543145
fuzzy_k5,5.0,0.007534946153033141,2.21879631002757,0.01457252976250876,0.04504867795816413,0.04166026926160899,0.0432882675615892
fuzzy_k6,6.0,0.13865533176685413,2.733076844416909,0.029002835206667323,0.0360173048655033,0.028342287617006346,0.03172216523791422
fuzzy_k7,7.0,0.1886216640876235,2.369238186362484,0.03296064770284447,0.03638287107225715,0.030583835899071616,0.033232267457541174
fuzzy_k8,8.0,0.13539539034004056,2.4258614152097615,0.022034338692493136,0.03665426953795507,0.03903203552129309,0.03780580250264698
fuzzy_k9,9.0,0.08925928902326197,1.9158113106439099,0.01933639911384073,0.043585478062598985,0.03627206816786105,0.039593889520546946
