,k,silhouette,davies_bouldin,adjusted_rand_score,homogeneity,completeness,v_measure
fuzzy_k2,2.0,0.15396265229850467,2.3652843830094366,0.540670071521572,0.45001313609391425,0.45957341570120364,0.45474303386946985
fuzzy_k3,3.0,0.09143772327565941,2.5868498704595093,0.1767758852259808,0.22615398472390438,0.16210088395530445,0.18884379200946494
fuzzy_k4,4.0,0.10996895131211405,3.0905399560283233,0.46224790299393526,0.48351789115098825,0.3713613075092113,0.4200823614455487
fuzzy_k5,5.0,0.08849122502949547,1.818581637931338,0.5557308272338135,0.49245583540699833,0.46665992621852775,0.47921098372406745
fuzzy_k6,6.0,0.09712511783284156,2.0193505788054704,0.5071224410575007,0.47411330659767636,0.4047380392132246,0.4366874807483779
fuzzy_k7,7.0,0.07006426782790412,2.338079136682046,0.5318913198601097,0.4574750479463785,0.432981969640395,0.44489165318269774
fuzzy_k8,8.0,0.07526370764915409,2.4083560183157573,0.535511443147597,0.47564209242229405,0.43332445139804626,0.4534982066434495
fuzzy_k9,9.0,0.11518464792418369,1.5236461322115726,0.42121020696224476,0.47596083534547695,0.335322185081386,0.3934514178226784
