,k,silhouette,davies_bouldin
fuzzy_k2,2.0,0.15663537602846922,2.333745163537507
fuzzy_k3,3.0,0.1574014384063699,2.3234194666932506
fuzzy_k4,4.0,0.1687684650492841,2.0940495338881235
fuzzy_k5,5.0,0.08119387339844829,1.8197223963827502
fuzzy_k6,6.0,0.08621001586029794,2.7153074301333944
fuzzy_k7,7.0,0.09908929131114279,3.5849391359303744
fuzzy_k8,8.0,0.08207441140270072,1.9067900287652186
fuzzy_k9,9.0,0.1546224674567659,1.6986072749688867
