,k,distance,silhouette,davies_bouldin,adjusted_rand_score,homogeneity_completeness_v_measure,sum_of_squared_error
L1,30,L1,0.14244636342146938,2.2852991787434265,0.10278131474012435,"(np.float64(0.941890310454839), np.float64(0.2082749738348981), np.float64(0.3411199806582027))",1071.7308691308692
L2,32,L2,0.1360157433770063,2.368916059557191,0.06965475659209354,"(np.float64(0.8799328881755053), np.float64(0.1822473606033711), np.float64(0.3019552407653023))",1029.6221346424659
cosine,32,cosine,0.1425833775924166,2.318702157204483,0.07312361217104962,"(np.float64(0.8902195787809281), np.float64(0.18609370882064769), np.float64(0.3078365100355844))",1012.9701320638821
