,k,distance,silhouette,davies_bouldin,adjusted_rand_score,homogeneity_completeness_v_measure,sum_of_squared_error
L1,30,L1,0.14068628159602753,2.3241631425730493,0.10278131474012435,"(np.float64(0.9418903104548388), np.float64(0.20827497383489804), np.float64(0.34111998065820254))",1075.030869130869
L2,32,L2,0.1417050051084047,2.4431226289221972,0.06964985746804962,"(np.float64(0.8799328881755054), np.float64(0.18196908070068588), np.float64(0.301573183650938))",1026.1641238065527
cosine,32,cosine,0.1433377233111278,2.277946109672338,0.07321179702380914,"(np.float64(0.8902195787809281), np.float64(0.18614051740152404), np.float64(0.3079005503510606))",1012.6353106353108
