,k,silhouette,davies_bouldin
fuzzy_k2,2.0,0.15387178313050906,2.3662400467294438
fuzzy_k3,3.0,0.18849003335956752,1.9151225164687726
fuzzy_k4,4.0,0.08050070889560136,2.0224519085232107
fuzzy_k5,5.0,0.08783836320305709,1.9975010092567236
fuzzy_k6,6.0,0.19964722279210892,1.7961193800012207
fuzzy_k7,7.0,0.06202821989754978,1.8878033514074914
fuzzy_k8,8.0,0.10626500118627873,2.570885406933262
fuzzy_k9,9.0,0.12970688784227372,1.9894219731717175
