,k,silhouette,davies_bouldin,adjusted_rand_score,homogeneity,completeness,v_measure
fuzzy_k2,2.0,0.19010530833658393,2.0381959690543816,0.04752285437957847,0.11914832622723161,0.040566593227082254,0.060525863210047784
fuzzy_k3,3.0,0.16349991231677163,1.859823514750211,0.01501034430653076,0.12168816573313093,0.030063505806013562,0.04821525641116173
fuzzy_k4,4.0,0.13320832310301217,1.9397405457335326,0.006165545785583438,0.08937996714032777,0.02790682259277549,0.04253353497029394
fuzzy_k5,5.0,0.14972961088765213,1.8958901909359438,0.0012507302169100956,0.10487882132563926,0.02361385909892976,0.038548401372938086
fuzzy_k6,6.0,0.10435844472680976,1.889708970872367,-0.0018977660425274728,0.09111277118547509,0.024936554559228916,0.03915642896034363
fuzzy_k7,7.0,0.05698313015797188,2.4799278108934684,0.0010773060454878367,0.0918627927066346,0.026383069224737103,0.04099293420624652
fuzzy_k8,8.0,0.1868830165151656,1.7328177020637607,0.02618646809697544,0.10106944178429673,0.018327319116929197,0.031028176955036388
fuzzy_k9,9.0,0.14945493743175947,1.9841835012312774,-0.002106519478346198,0.09694816971639618,0.02380898114107068,0.03822940717048674
