,k,silhouette,davies_bouldin
fuzzy_k2,2.0,0.18541622812843572,2.2113092526639093
fuzzy_k3,3.0,0.16789084241230123,2.2270033258877846
fuzzy_k4,4.0,0.15237127467089484,2.0386935401185466
fuzzy_k5,5.0,0.17906733537107758,1.8219445381213109
fuzzy_k6,6.0,0.11275657582049939,2.1170124464830318
fuzzy_k7,7.0,0.09588387960897399,1.614791235220353
fuzzy_k8,8.0,0.12371867343768568,1.8656504498100113
fuzzy_k9,9.0,0.09561017457678551,1.8172434379171074
