,k,distance,silhouette,davies_bouldin,adjusted_rand_score,homogeneity_completeness_v_measure,sum_of_squared_error
L1,30,L1,0.48702317672481515,1.0116364071761927,-0.005524573035689438,"(np.float64(0.20757867224819412), np.float64(0.017576344416628704), np.float64(0.03240855381350042))",86.14710815067431
L2,32,L2,0.5473358167809164,1.1654431683260085,-0.0020362409749645383,"(np.float64(0.20071064246011475), np.float64(0.015351714689915339), np.float64(0.028521881913356324))",65.38560422900066
cosine,32,cosine,0.5455344955909445,1.1770939574896304,-0.0021137131393553434,"(np.float64(0.20491371400543937), np.float64(0.015705738562090784), np.float64(0.02917531688617861))",65.71669120390838
