,k,distance,silhouette,davies_bouldin,adjusted_rand_score,homogeneity_completeness_v_measure,sum_of_squared_error
L1,30,L1,0.48702317672481515,1.011636407176193,-0.005524573035689438,"(np.float64(0.20757867224819415), np.float64(0.017576344416628704), np.float64(0.03240855381350042))",86.14710815067428
L2,32,L2,0.5473358167809164,1.1654431683260085,-0.0020362409749645383,"(np.float64(0.2007106424601147), np.float64(0.015351714689915332), np.float64(0.028521881913356313))",65.38560422900066
cosine,32,cosine,0.5455344955909445,1.1770939574896306,-0.0021137131393553434,"(np.float64(0.20491371400543937), np.float64(0.01570573856209078), np.float64(0.0291753168861786))",65.71669120390838
