,k,silhouette,davies_bouldin
fuzzy_k2,2.0,0.18092009813238433,2.274440518656004
fuzzy_k3,3.0,0.15318620177660652,1.758340667449622
fuzzy_k4,4.0,0.17714637210769515,2.2797356664658044
fuzzy_k5,5.0,0.13176570198411833,2.058613932645716
fuzzy_k6,6.0,0.07886722106024273,1.9298679719991236
fuzzy_k7,7.0,0.12104556865042061,1.8052490303420399
fuzzy_k8,8.0,0.1337454867017073,1.8918574107325856
fuzzy_k9,9.0,0.02120143801697577,1.7839453522250481
